{"schemaVersion":"1.0","appDefinitionTemplate":{"id":"/providers/Microsoft.PowerApps/apps/","type":"Microsoft.PowerApps/apps","tags":{"primaryDeviceWidth":"640","primaryDeviceHeight":"1136","sienaVersion":"20241109T042027Z-3.24102.17.0","deviceCapabilities":"","supportsPortrait":"true","supportsLandscape":"true","primaryFormFactor":"Phone","publisherVersion":"3.24102.17","minimumRequiredApiVersion":"2.2.0","hasComponent":"false","hasUnlockedComponent":"false","optimizedForTeamsMeeting":"false","sp-site-id":"https://hiwotnwubneh.sharepoint.com/sites/OffboardingSystem","sp-list-id":"828b5f26-79ba-4262-b5f5-9bc3b7f476ae","https://hiwotnwubneh.sharepoint.com/sites/OffboardingSystem":"828b5f26-79ba-4262-b5f5-9bc3b7f476ae","isUnifiedRootApp":"false","showStatusBar":"false"},"properties":{"appVersion":"2024-11-09T04:20:27Z","lifeCycleId":"Published","createdByClientVersion":{"major":3,"minor":24102,"build":17,"revision":0,"majorRevision":0,"minorRevision":0},"minClientVersion":{"major":3,"minor":24102,"build":17,"revision":0,"majorRevision":0,"minorRevision":0},"backgroundColor":"RGBA(0,176,240,1)","backgroundImageUri":"/1106344335204557484/N947f6eb1-4e90-4519-a1b2-6d90ed21098d-logoSmallFile","displayName":"OFFBOARDING SYSTEM2","description":"","commitMessage":"Saved by Test Studio","appUris":{"documentUri":{"value":"/1106344335204557484/Nbc68db14-dece-4fda-8f13-de3028f78e09-document.msapp"},"imageUris":[],"additionalUris":[{"isSolutionAware":false,"value":"/1106344335204557484/Nf64740fe-4dcd-44f9-9aa8-dc633de95f9d-identity.json"}]},"createdTime":"0001-01-01T00:00:00Z","lastModifiedTime":"0001-01-01T00:00:00Z","sharedGroupsCount":0,"sharedUsersCount":0,"connectionReferences":{"fd83c9e7-9023-4446-803b-f508b39a98fa":{"id":"3eddbd14-a9b3-43f4-8edb-0dc056d5349b","displayName":"SharePoint","iconUri":"https://connectoricons-prod.azureedge.net/u/jayawan/releases/v1.0.1697/1.0.1697.3786/sharepointonline/icon.png","dataSources":["Off-Boarding System1"],"dependencies":[],"dependents":[],"parameterHints":{},"parameterHintsV2":{},"isOnPremiseConnection":false,"bypassConsent":false,"dataSets":{"https://hiwotnwubneh.sharepoint.com/sites/OffboardingSystem":{"dataSources":{"Off-Boarding System1":{"tableName":"828b5f26-79ba-4262-b5f5-9bc3b7f476ae"}}}},"apiTier":"Standard","isCustomApiConnection":false,"actions":["providers/PowerPlatform.Governance/Operations/Read","providers/PowerPlatform.Governance/Operations/Write","providers/PowerPlatform.Governance/Operations/Delete"],"endpoints":[]}},"databaseReferences":{},"almMode":"Environment","performanceOptimizationEnabled":true,"canConsumeAppPass":true,"enableModernRuntimeMode":false,"executionRestrictions":{"isTeamsOnly":false,"dataLossPreventionEvaluationResult":{"status":"Compliant","lastEvaluationDate":"2023-04-01T22:56:02.1134019Z","violations":[],"violationsByPolicy":[],"violationErrorMessage":"The app uses the following connectors: shared_sharepointonline."}}},"appType":"ClassicCanvasApp","appComponents":[]}}